domain,citations,categories_cited_in,tranco_rank,wayback_first_capture
g2.com,291,125,4027,1999-11-28
reddit.com,261,119,105,
guideflow.com,194,96,177039,2023-01-05
gartner.com,158,82,1766,1997-02-25
zapier.com,82,42,2919,2012-01-28
wifitalents.com,71,27,105281,2024-04-21
capterra.com,68,34,6387,2000-07-11
linkedin.com,67,35,18,2005-10-15
worldmetrics.org,60,22,104737,2024-05-02
gitnux.org,50,23,42759,2023-12-15
techradar.com,47,24,2311,2001-02-20
thedigitalprojectmanager.com,46,22,107084,2012-11-15
thectoclub.com,46,23,297486,2023-04-08
forbes.com,45,23,211,1996-11-04
pcmag.com,38,20,2485,1996-12-19
devopsschool.com,37,17,438408,2016-09-16
softwareadvice.com,31,16,18130,2001-05-18
sourceforge.net,27,14,236,2000-01-26
thecxlead.com,25,12,496013,2020-08-10
softwarereviews.com,24,12,194301,1998-12-06
jotform.com,24,13,624,2006-01-14
f6s.com,24,11,18934,2004-02-24
solutionsreview.com,23,12,127030,2003-06-15
dev.to,23,11,3696,2015-07-19
zendesk.com,23,11,377,2000-05-20
improvado.io,22,11,147589,2016-11-14
sentinelone.com,22,7,17857,2001-07-19
indiatimes.com,20,10,518,1998-11-11
monday.com,19,10,3262,1996-12-22
emailvendorselection.com,18,9,226989,2026-05-19
ovaledge.com,18,8,966381,2011-09-10
railway.com,18,9,18268,1996-12-19
northflank.com,18,7,62463,2019-07-17
storyflow.so,17,9,,2024-05-15
augmentcode.com,16,7,48945,2018-08-05
viewpointanalysis.com,16,9,,2013-07-21
peoplemanagingpeople.com,15,7,141848,2019-11-20
peerspot.com,15,8,128127,2007-08-12
infotech.com,15,8,74681,2000-08-19
getperspective.ai,15,6,,2024-03-21
google.com,15,4,1,1998-11-11
mailtrap.io,14,6,66506,2012-01-05
businessofapps.com,14,6,17326,2014-10-14
zoominfo.com,14,6,4445,2004-03-01
testguild.com,14,6,907603,2004-08-31
thecmo.com,13,6,348421,2002-06-28
ventureharbour.com,12,6,194774,2013-01-15
klaviyo.com,12,6,603,
insiderone.com,12,5,162046,2000-12-06
getvoip.com,12,6,135438,
domo.com,12,6,24233,1996-12-23
atlan.com,12,5,119647,1996-12-31
instaclustr.com,12,2,236423,2013-07-04
truefoundry.com,12,4,304769,2022-04-18
youtube.com,12,2,8,2005-04-28
eesel.ai,12,6,183309,2023-07-08
miniorange.com,12,5,125090,2003-05-22
gbhackers.com,12,4,125438,2016-10-20
aikido.dev,12,6,39675,2022-12-19
larksuite.com,11,6,5214,2019-04-04
efficient.app,11,6,624837,2020-09-27
amplitude.com,11,4,277,1996-12-26
apiscout.dev,11,6,,2026-03-20
getapp.com,11,7,32219,2001-11-16
cometly.com,11,4,423569,2018-07-01
wrike.com,10,5,13640,2006-11-14
siit.io,10,5,425685,2019-09-20
quantummetric.com,10,5,2293,2014-10-06
orbitforms.ai,10,2,,2026-03-13
gumloop.com,10,5,164809,2024-05-08
integrate.io,10,5,195505,2020-07-07
mintlify.com,10,2,35543,2021-11-17
firecrawl.dev,10,5,55135,2024-04-13
confident-ai.com,10,3,428620,2023-08-15
userpilot.com,10,5,138553,2018-11-27
toolradar.com,10,5,911062,2013-04-04
amplemarket.com,10,5,121853,2015-12-02
cycode.com,10,4,421545,2001-09-23
ox.security,10,4,259164,2022-09-19
github.com,10,5,29,2008-05-14
techdogs.com,10,4,311267,1999-11-27
websiteplanet.com,9,5,32058,2001-04-04
medium.com,9,5,193,1997-04-07
retellai.com,9,5,116944,2024-02-21
zdnet.com,8,4,1847,1997-12-12
nytimes.com,8,4,155,
paylocity.com,8,4,4481,2008-03-25
nerdwallet.com,8,3,4761,2009-02-16
brex.com,8,4,32488,2000-03-01
pollfish.com,8,4,129714,2012-12-05
skyvia.com,8,4,311098,2011-02-02
wise.com,8,4,1033,1997-04-15
openobserve.ai,8,3,173836,2023-06-02
lakefs.io,8,4,398196,2020-10-30
betterstack.com,8,4,16112,2018-01-18
hyperping.com,8,3,,2001-07-18
courier.com,8,4,36910,1998-11-11
braintrust.dev,8,3,142626,2024-04-19
manageengine.com,8,4,5909,2003-12-15
teamwork.com,8,4,20402,1996-12-27
producthunt.com,8,5,4441,2001-11-26
ondato.com,8,4,224939,2015-06-27
coastapp.com,8,3,406933,2013-05-31
knack.com,8,4,71099,1998-12-05
birdeye.com,8,3,16839,2000-05-12
sybill.ai,8,4,277846,2020-12-10
dupple.com,8,4,393274,2004-08-02
vellum.ai,8,3,182925,2023-02-02
portainer.io,8,3,65687,2016-10-30
browserstack.com,8,4,7302,2011-09-23
siliconflow.com,8,3,294306,2003-07-14
usercentrics.com,8,3,16194,2014-11-21
enzuzo.com,8,4,35034,2021-01-13
vanta.com,8,4,18380,1999-10-12
contus.com,8,3,751958,2000-04-07
prezent.ai,8,4,525535,2021-06-30
zipdo.co,8,5,102657,2023-03-21
explorium.ai,8,2,469994,2019-07-18
omnimd.com,8,3,207364,2002-07-26
paperpal.com,8,2,52937,2002-12-05
celoxis.com,7,4,325930,2001-05-23
hackernoon.com,7,4,6982,2013-04-01
salesforce.com,7,4,325,1999-11-28
motadata.com,7,4,610640,2014-05-17
octopus.com,7,4,32379,1998-06-14
knock.app,7,4,13215,2021-04-06
substack.com,7,4,439,2009-04-27
slite.com,7,3,104267,1998-12-05
venn.com,7,4,87317,1996-12-23
strac.io,7,4,,2022-01-19
aimultiple.com,7,4,51468,2019-06-20
sender.net,6,3,35771,2013-04-20
6sense.com,6,4,13794,1998-12-06
hracuity.com,6,2,881355,2007-04-29
thenextweb.com,6,3,4219,2007-04-30
rippling.com,6,3,14374,2002-11-19
yahoo.com,6,3,59,1996-10-17
cnbc.com,6,3,469,1996-11-01
ever-help.com,6,3,,2018-08-06
solarwinds.com,6,3,10651,1997-04-12
invgate.com,6,3,239687,2004-10-15
notelyn.com,6,1,,2026-06-11
wondershare.es,6,2,226153,2010-02-12
crazyegg.com,6,3,2673,2004-04-14
spendesk.com,6,3,111428,2016-11-12
nxcode.io,6,3,383834,2025-07-15
theretailexec.com,6,3,984521,2024-08-16
fullstory.com,6,3,2332,2001-09-26
getaccept.com,6,3,73886,2013-07-09
fortegrp.com,6,3,,2015-12-07
alphacorp.ai,6,3,,2024-04-26
rootly.com,6,3,191470,2006-08-20
rollbar.com,6,3,13924,2000-04-21
saucelabs.com,6,3,15475,2008-09-24
exabeam.com,6,3,96768,2001-11-29
jetbrains.com,6,3,880,2003-07-19
clickhelp.com,6,3,552233,2007-01-10
zuplo.com,6,2,396288,2009-02-08
apidog.com,6,3,111294,2007-10-13
emailtooltester.com,6,3,177653,2011-02-03
securityboulevard.com,6,3,40280,2017-09-13
geekflare.com,6,3,51476,2013-06-30
reclaim.ai,6,3,48982,2019-07-28
lindy.ai,6,4,101078,2022-01-15
softr.io,6,3,67743,2019-07-18
pendo.io,6,3,918,2014-03-02
cpoclub.com,6,2,386293,2004-12-11
trulyinbox.com,6,3,,2023-03-08
skrapp.io,6,3,328616,2016-05-23
alessa.com,6,3,,2000-04-08
sphinxhq.com,6,3,,2002-09-28
chargebacks911.com,6,2,245142,2012-08-06
doss.com,6,3,,1996-12-22
erpsoftwareblog.com,6,2,243092,2009-05-22
tech.co,6,3,34166,2012-08-26
msdynamicsworld.com,6,3,503348,2008-01-10
learnworlds.com,6,2,19415,2013-11-15
modash.io,6,3,142383,2019-04-15
mightynetworks.com,6,3,69330,2002-01-19
appfollow.io,6,3,121515,2015-03-28
xtm.ai,6,2,943602,2025-05-23
appvizer.com,6,4,627354,2013-04-02
whova.com,6,3,34521,2012-11-09
waitwellsoftware.com,6,3,,2025-06-23
zencal.io,6,3,,2022-05-05
quickbase.com,6,3,18290,1997-04-03
croclub.com,6,3,,2001-09-26
syncgtm.com,6,2,,2025-11-27
cekura.ai,6,2,,2025-03-11
proprofssurvey.com,6,2,,2022-03-05
cleverx.com,6,2,,1998-12-07
churnbuster.io,6,3,484267,2013-08-05
flowhunt.io,6,2,387466,2024-08-13
cheqroom.com,6,3,643740,2012-01-08
comparitech.com,6,3,18489,2004-12-11
oloid.com,6,3,,2001-08-19
infisical.com,6,3,98219,2022-08-17
wiz.io,6,3,14003,2013-12-13
getautonoma.com,6,3,,2023-10-24
testgrid.io,6,3,856056,2016-07-16
virtuosoqa.com,6,3,,2024-08-11
percy.io,6,2,196854,2015-09-26
sourcegraph.com,6,3,26632,2007-11-02
atlantic.net,6,2,56434,1996-12-23
alation.com,6,3,156707,1998-11-11
optro.ai,6,3,165558,2026-03-10
expertmarket.com,6,3,140046,1999-01-25
startupstash.com,6,3,281744,2014-09-21
musicsupremacy.com,6,2,,2011-02-07
softwarefinder.com,6,3,239543,2000-07-11
vibe.us,6,3,74719,2002-09-28
mindmeister.com,6,1,16457,2007-02-09
practicesuite.com,6,3,324102,2002-05-23
liveimpact.org,6,3,,2013-03-26
bloomerang.com,6,3,306926,1998-12-02
rallyup.com,6,3,160314,2004-03-29
cnet.com,5,3,693,1996-10-22
topelevens.com,5,3,,2013-08-01
posthog.com,5,3,2213,2011-01-28
dqlabs.ai,5,3,,2020-08-13
brevo.com,5,3,3133,2001-02-01
hypertools.so,5,3,,2025-08-01
scalefusion.com,5,3,23820,2013-06-21
softwaresuggest.com,5,3,76121,2009-12-22
inworld.ai,5,2,128642,2021-08-17
db-engines.com,5,3,59697,2021-05-18
getquantic.com,5,3,,2019-07-20
project-management.com,4,2,252116,2004-12-16
mediavalet.com,4,2,127404,2003-07-27
allaboutcookies.org,4,2,763,2003-08-07
security.org,4,2,38039,1996-12-28
wired.com,4,2,541,2000-02-29
securden.com,4,2,914617,2019-03-05
pcworld.com,4,2,3796,1998-02-14
hubspot.com,4,2,250,2005-05-10
rework.com,4,3,697143,2003-03-29
pin.com,4,2,385302,2000-02-29
tailorbrands.com,4,2,56548,2014-09-09
bluetweak.com,4,2,746426,2021-11-28
proprofschat.com,4,2,391792,2021-03-05
ringly.io,4,2,998481,2024-05-03
myhours.com,4,2,198804,2001-02-02
ofx.com,4,2,99660,1998-02-10
experte.com,4,2,225320,1999-11-27
rankability.com,4,1,279172,2004-03-28
onelittleweb.com,4,1,890402,2003-09-20
techsy.io,4,2,,2023-03-30
digitalapplied.com,4,2,125571,2018-08-10
qrcode-tiger.com,4,2,146176,2019-12-07
mailerlite.com,4,2,4176,2010-09-04
matomo.org,4,2,2637,2018-01-09
qualaroo.com,4,2,16496,2012-07-30
vwo.com,4,2,26241,2001-03-01
bloomreach.com,4,2,10625,2009-03-23
coworker.ai,4,2,677302,2017-08-14
sogolytics.com,4,2,124223,2021-12-22
surveysparrow.com,4,2,26218,2017-10-18
linksquares.com,4,2,188247,2014-01-15
zylo.com,4,2,277698,2006-07-17
folderit.com,4,3,439501,2016-04-05
fastero.com,4,2,,2002-03-29
tinybird.co,4,2,25105,2013-03-28
funnel.io,4,2,109122,2012-12-28
datacamp.com,4,2,8563,2002-07-19
cloudchipr.com,4,2,,2022-09-25
ir.com,4,2,242009,1998-12-07
platformengineering.org,4,2,912909,2022-01-17
murdio.com,4,2,,2022-03-22
montecarlo.ai,4,2,371656,2022-02-20
techtarget.com,4,2,1966,2000-02-29
inspectlet.com,4,2,26305,2011-04-07
dotcom-monitor.com,4,2,253953,2000-05-10
parseable.com,4,1,,2016-01-11
pflb.us,4,2,,2022-09-20
technologymatch.com,4,2,,2013-04-14
uptimerobot.com,4,2,7955,2010-01-10
oneuptime.com,4,2,146505,2013-08-11
shipyard.build,4,2,,2020-07-19
daily.dev,4,2,40449,2020-03-01
devopsschool.org,4,2,,2014-11-22
scopir.com,4,2,,2025-07-13
gitbook.com,4,2,7183,2009-04-20
levo.ai,4,2,,2021-05-14
api7.ai,4,1,,2022-03-17
withremote.ai,4,2,,2025-02-05
sequenzy.com,4,2,,2024-05-09
mojoauth.com,4,2,498433,2021-02-10
workos.com,4,2,24159,2012-02-19
xano.com,4,2,384291,2002-01-22
prismic.io,4,2,7370,2013-09-19
sashido.io,4,2,,2016-06-30
iternal.ai,4,2,,2024-04-24
langchain.com,4,2,15560,2020-08-13
brasstranscripts.com,4,1,,2025-09-19
huntress.com,4,2,60960,1997-04-09
acronis.com,4,2,2040,2001-05-15
assemblyai.com,4,2,36263,2017-08-22
expertinsights.com,4,2,286703,2004-12-04
cipherssecurity.com,4,2,,2021-10-20
stingrai.io,4,1,,2023-01-29
paloaltonetworks.com,4,2,410,2000-10-18
kaseya.com,4,2,20533,2000-08-21
netwitness.com,4,1,355618,2004-05-24
assembly.com,4,2,344193,1998-12-07
gleap.io,4,2,22552,2021-10-25
cybersecuritynews.com,4,3,45120,2009-10-29
unwrap.ai,4,2,395850,2021-09-24
mopinion.com,4,2,17970,2014-08-24
appcues.com,4,2,12947,2013-09-20
tech-insider.org,4,2,136648,2013-10-17
lucidlink.com,4,2,42535,2002-09-23
kuse.ai,4,2,749909,2024-03-26
kommodo.ai,4,1,178460,2025-10-10
ispringsolutions.com,4,2,53928,2008-02-10
apollo.io,4,2,7651,2015-02-13
brightdata.com,4,2,50519,2002-06-01
mixpeek.com,4,2,,2013-09-29
smartling.com,4,2,24371,2003-03-30
1kosmos.com,4,2,693599,2008-05-11
shadowdragon.io,4,2,,2016-12-02
complyadvantage.com,4,2,126690,2013-07-17
commenda.io,4,1,,2022-10-24
ledgerup.ai,4,2,,2024-05-31
solvimon.com,4,2,,2023-04-19
elementum.ai,4,2,,2022-01-11
metaoption.com,4,2,,2006-04-14
digit-software.com,4,2,,2022-08-26
walkme.com,4,2,3165,2002-01-21
elearningindustry.com,4,1,26378,2012-04-04
voluum.com,4,2,137212,2003-04-20
postaffiliatepro.com,4,2,20723,2004-06-14
circle.so,4,2,19252,2016-06-13
yotpo.com,4,2,2612,2011-01-02
openloyalty.io,4,2,684855,2016-09-23
talon.one,4,1,242429,2017-05-07
directiveconsulting.com,4,2,301864,2014-03-15
inquirer.net,4,2,6124,1998-06-14
embedsocial.com,4,2,27759,2013-10-10
revuze.it,4,2,,2013-11-08
bynder.com,4,2,7499,2002-10-19
financialcontent.com,4,1,6721,2000-05-10
octolens.com,4,2,,2018-08-08
brand24.com,4,2,54246,2001-02-02
webinarninja.com,4,2,319956,2013-01-29
gocadmium.com,4,2,105612,2021-05-07
simpletix.com,4,2,54210,2002-04-02
ticketspice.com,4,1,32275,2011-02-10
lunacal.ai,4,2,,2024-09-04
pumble.com,4,2,50353,2008-10-14
toolfinder.com,4,1,,2000-03-04
ruddr.com,4,2,,2008-10-10
epicflow.com,4,2,865277,2014-12-17
bigtime.net,4,2,143499,2004-08-24
flowlu.com,4,2,168527,2017-03-17
invensislearning.com,4,2,379974,2014-01-05
oneflow.com,4,2,226512,2003-09-27
cincom.com,4,2,272970,
avoma.com,4,2,175358,2004-03-24
salesforge.ai,4,2,258599,2023-04-06
mailforge.ai,4,2,,2024-02-11
clay.com,4,2,38379,1998-12-06
mailreach.co,4,2,560650,2021-01-15
featurebase.app,4,2,30963,2020-11-24
cloudtalk.io,4,2,43012,2018-11-22
withallo.com,4,2,318363,2024-05-17
customerscore.io,4,2,,2024-02-27
gurusup.com,4,2,367713,2023-12-04
contentsquare.com,4,2,20277,2014-10-20
zite.com,4,2,208304,2005-02-07
growthmarketingpro.com,4,2,589957,2017-04-21
xurrent.com,4,2,102174,2012-05-05
rasa.com,4,2,164065,1996-12-23
deepgram.com,4,2,31434,2016-12-08
heimdalsecurity.com,4,2,20831,2021-10-06
helloretriever.com,4,2,,2013-08-16
uinat.com,4,2,,2025-07-10
guptadeepak.com,4,2,976884,2001-12-11
zluri.com,4,2,364391,2020-11-01
kiteworks.com,4,2,62469,2001-05-22
oneidentity.com,4,2,29824,2001-03-02
netwrix.com,4,2,70262,2001-07-21
xygeni.io,4,2,,2022-11-16
invicti.com,4,2,112944,2009-07-08
escape.tech,4,2,594425,2020-08-13
checkmarx.com,4,2,106187,2005-04-13
jit.io,4,2,,2012-09-14
cloudaware.com,4,2,512055,2008-05-13
kiuwan.com,4,2,,2013-06-24
apiiro.com,4,2,315160,2020-10-19
mend.io,4,2,100361,2018-12-30
endorlabs.com,4,1,252215,2022-06-21
stackhawk.com,4,2,329348,1998-12-07
hunto.ai,4,2,,2024-02-28
cyble.com,4,2,126472,1999-01-25
stellarcyber.ai,4,2,188810,2019-06-05
connecteam.com,4,2,18874,2001-02-01
xitoring.com,4,2,,2021-02-16
openstatus.dev,4,1,501227,2023-06-27
octoperf.com,4,2,452142,2017-10-14
qa.tech,4,2,,2023-08-01
testmuai.com,4,2,47412,2026-01-27
talent500.com,4,2,373718,2011-01-29
devtoollab.com,4,2,,2025-04-18
spotsaas.com,4,2,221264,2022-01-28
digitalocean.com,4,2,597,1996-12-18
cloudian.com,4,1,184007,2009-02-14
bitcatcha.com,4,1,373972,2015-02-15
hostadvice.com,4,2,50031,2013-06-03
tigerdata.com,4,1,85292,2001-02-20
puppygraph.com,4,2,,2023-03-27
getorchestra.io,4,1,,2020-08-05
checkthat.ai,4,2,492111,2025-12-16
llmrefs.com,4,2,750053,2025-01-31
rajeshkumar.xyz,4,2,,2016-11-08
iubenda.com,4,2,1929,2018-05-06
getsecureslate.com,4,2,,2022-07-20
riskonnect.com,4,2,327968,2008-02-03
cynomi.com,4,2,,2020-10-31
v-comply.com,4,2,965509,
upguard.com,4,1,47232,2004-12-13
bitsight.com,4,1,97248,2004-03-23
hubifi.com,4,2,,2014-08-31
speakup.com,4,2,484423,2002-06-01
seedling.earth,4,2,,2024-03-20
persefoni.com,4,2,664393,2009-07-08
demystifyingplm.com,4,2,,2025-07-11
creativebloq.com,4,2,14009,2012-01-08
plainlyvideos.com,4,2,,2021-01-12
fast.io,4,2,504246,2005-02-04
storyfiner.com,4,2,,2024-09-08
visme.co,4,2,18154,2014-05-20
wireflow.ai,4,2,,2024-08-15
affine.pro,4,1,36674,2018-09-02
catdoes.com,4,2,,2013-07-04
weweb.io,4,2,246399,2019-07-23
appintent.com,4,2,,2013-09-26
adminlte.io,4,1,100892,2017-05-23
flatlogic.com,4,1,572748,2014-03-06
agentmail.to,4,2,44504,2025-03-21
generect.com,4,2,,2011-11-13
clirank.dev,4,1,,2026-05-24
cal.com,4,2,7819,1996-12-29
radar.com,4,2,55424,1998-01-20
scrap.io,4,1,976695,2018-08-09
getambee.com,4,2,927567,2017-06-08
abstractapi.com,4,2,79850,2020-08-13
nubela.co,4,1,,2016-07-31
autobound.ai,4,2,,2018-11-23
cleanlist.ai,4,2,,2024-08-12
olostep.com,4,2,706525,2023-07-24
au10tix.com,4,1,988395,2011-01-28
enrich.so,4,2,,2023-03-25
sprintzeal.com,4,2,179022,2016-07-04
getuku.com,4,1,,2017-05-23
getcanopy.com,4,1,431098,2004-12-14
highradius.com,4,2,51149,2007-01-11
trackdesk.com,4,1,36142,2001-02-21
ruleranalytics.com,4,2,273978,2012-11-16
adbeacon.com,4,2,140922,2007-02-08
hockeystack.com,4,2,65001,2020-08-01
segmentstream.com,4,2,64796,2018-09-18
bloggingwizard.com,4,2,103050,2011-07-22
envisionnow.com,4,1,,2004-02-08
koalendar.com,4,2,86292,2020-09-17
zenoti.com,4,2,24464,2014-05-19
pushpress.com,4,1,85106,2011-11-22
pabau.com,4,2,172194,2013-01-15
procaresoftware.com,4,1,254901,2003-04-10
mitti.com,4,2,289012,2000-11-10
trialytix.io,4,1,,2024-05-01
advancedmd.com,4,2,17964,2001-07-20
nexlaw.ai,4,2,,2023-09-26
clio.com,4,2,12297,1999-04-23
legalontech.com,4,1,575169,2023-02-01
dancumberlandlabs.com,4,2,,2025-11-25
triangleip.com,4,1,,2011-02-08
virtuous.org,4,2,260558,1998-02-01
doublethedonation.com,4,2,49166,2012-06-04
almabase.com,4,2,,2014-02-08
donordock.com,4,2,,2018-08-05
givebutter.com,4,2,13333,2016-08-02
crozdesk.com,4,2,115855,2014-11-13
anaconda.com,4,2,14227,1998-05-07
pdpspectra.com,4,1,,2026-08-24
averroes.ai,4,2,,2021-04-11
pydantic.dev,4,2,53463,2023-02-16
paymoapp.com,3,2,148541,2013-05-01
mapmychannel.com,3,2,,2022-03-15
swetrix.com,3,2,520105,2003-08-13
sirion.ai,3,2,568635,2023-06-27
lexisnexis.com,3,2,4833,1998-12-12
aspireapp.com,3,2,147467,2011-06-27
kanerika.com,3,2,545734,2016-09-30
mobile-text-alerts.com,3,1,416855,2011-08-11
quo.com,3,2,50287,1998-12-12
cirrusinsight.com,3,2,162129,2011-06-23
checkpoint.com,3,2,349,1996-12-03
helply.com,3,2,96384,2004-03-26
boardable.com,3,2,242990,2009-10-19
ecommerceparadise.com,3,2,,2008-09-14
snov.io,3,2,40220,2017-03-09
kaltura.com,3,2,4525,2007-02-07
canstudio.top,3,2,,2024-07-16
productive.io,3,2,54693,2013-04-12
flowcase.com,3,2,,2012-03-06
ustechautomations.com,3,2,,2025-04-09
saleshandy.com,3,2,122279,2015-10-25
tidio.com,3,2,24564,2001-04-04
spiceworks.com,3,2,9672,2003-07-07
ninjaone.com,3,2,48499,2021-10-25
logicmonitor.com,3,2,10417,2007-11-08
domotz.com,3,1,15114,2015-02-05
wikipedia.org,3,2,31,2001-07-27
naturaily.com,3,2,,2013-01-14
inmotionhosting.com,3,2,2378,2001-12-13
nylas.com,3,2,25884,2004-04-06
trustradius.com,3,2,28753,2012-11-30
profisee.com,3,1,610681,2009-02-01
selecthub.com,3,2,137909,2011-01-31
tlm-software.com,3,1,,2022-08-15
bigo.tv,3,1,31300,2016-04-08
wondershare.com,3,2,4751,2004-03-01
syllaby.io,3,2,447845,2023-01-15
schematichq.com,3,2,473355,2024-03-03
yieldigo.com,3,2,,2016-11-11
tasa.app,3,2,,2024-05-17
curemd.com,3,2,379593,2000-10-17
murphi.ai,3,2,,2024-05-22
housingwire.com,3,1,29556,2002-10-13
meltplan.com,3,2,,2019-06-24
snaptrude.com,3,1,,2015-09-04
classe365.com,3,2,537122,2013-06-08
paperguide.ai,3,2,488163,2024-07-27
methodologyhub.com,3,2,,2022-02-01
hostingstep.com,2,1,,2001-04-10
whtop.com,2,1,330134,2003-03-26
gizmodo.com,2,1,2033,2002-08-02
myvegantravels.com,2,1,,2018-08-05
the-independent.com,2,1,13791,1998-12-02
x.com,2,1,51,
salon.com,2,1,3721,1997-04-03
passwordmanager.com,2,1,,2004-09-21
cyberinsider.com,2,1,64869,2024-04-20
mailercloud.com,2,1,207429,2010-05-15
smart-it.com,2,1,,1998-12-12
gem.com,2,1,86976,2000-05-10
emptrust.com,2,1,,2010-12-12
leonar.app,2,1,,2022-09-25
selectsoftwarereviews.com,2,1,207358,2019-07-16
theundercoverrecruiter.com,2,1,155119,
greenhouse.com,2,1,70656,2004-01-23
dover.com,2,1,265107,1996-12-19
juicebox.ai,2,1,252763,2023-06-18
outsail.co,2,1,,2019-06-28
airmason.com,2,1,644820,2015-12-16
quicken.com,2,1,20734,1997-07-08
business-software.com,2,1,713435,1996-10-19
beancount.io,2,1,697662,2019-09-23
intuit.com,2,1,148,1996-11-07
mojohelpdesk.com,2,1,391476,2006-03-29
hardpeach.com,2,1,,2018-02-12
clickup.com,2,1,2496,2000-04-07
noota.io,2,1,451638,2020-12-07
toolquestor.com,2,1,,2025-10-17
lynote.ai,2,1,406179,2025-12-27
kayako.com,2,1,33424,2001-11-30
comm100.com,2,1,44332,2005-02-05
trueconf.com,2,1,5627,2011-03-07
wimi-teamwork.com,2,1,,2015-09-05
timesheet.io,2,1,,2013-04-07
apploye.com,2,1,246087,2019-07-16
worktime.com,2,1,298663,2001-02-01
tcpsoftware.com,2,1,339710,2011-02-01
navan.com,2,1,25885,1998-12-06
webexpenses.com,2,1,315532,2005-04-21
bill.com,2,1,7861,1998-12-03
airwallex.com,2,1,10691,2016-03-11
launchthedamnthing.com,2,1,,2020-11-18
tooltester.com,2,1,185818,2001-07-19
agilityportal.io,2,1,498705,2021-01-07
sitebuilderreport.com,2,1,178366,2010-11-20
site.pro,2,1,31063,2008-10-20
marketermilk.com,2,1,585643,2017-10-29
morningscore.io,2,1,377362,2017-12-04
nightwatch.io,2,1,331474,2016-11-12
whatagraph.com,2,1,211621,2015-06-12
bigcommerce.com,2,1,1932,2002-03-05
theshopninjas.com,2,1,,2025-10-02
buffer.com,2,1,4268,2000-03-02
bluewagongroup.com,2,1,,2018-08-05
marketing360.com,2,1,235118,2002-01-19
orlo.tech,2,1,,2018-08-09
manus.im,2,1,6421,2025-03-01
scottmax.com,2,1,,2004-02-28
wpmailsmtp.com,2,1,76062,2018-08-07
bootstrap.build,2,1,,2018-01-07
nextgrowth.ai,2,1,,2026-01-08
similarweb.com,2,1,3836,2001-05-15
varify.io,2,1,21526,2019-07-16
mida.so,2,1,23695,2023-10-03
decentriq.com,2,1,104260,2011-02-02
drip.com,2,1,63587,1998-11-11
small-improvements.com,2,1,212392,2011-05-25
smartsurvey.com,2,1,,2011-02-02
wpforms.com,2,1,23055,2010-07-10
wix.com,2,2,606,1996-12-19
wesignature.com,2,1,850874,2018-08-04
avokaado.io,2,1,,2020-08-09
ezsignly.com,2,1,,2026-03-08
juro.com,2,1,200599,2013-04-21
gatekeeperhq.com,2,1,330909,2013-10-15
zefort.com,2,1,,2020-07-07
lawvu.com,2,1,274452,2000-08-17
adp.com,2,1,2359,1996-12-26
tmetric.com,2,1,196612,2005-10-29
paycor.com,2,1,14035,1998-12-12
hireborderless.com,2,1,,2022-12-21
clickhouse.com,2,1,30375,1999-10-13
motherduck.com,2,1,189642,2011-02-02
dashdb.io,2,1,,
definite.app,2,1,313427,2022-12-10
rillion.com,2,1,,2001-11-30
unibee.dev,2,1,,2024-02-02
omni.co,2,1,337003,2013-04-23
draxlr.com,2,1,,2020-08-21
helcim.com,2,1,173228,
sarasanalytics.com,2,1,,2017-04-20
tower.dev,2,1,,2023-07-23
dataquest.io,2,1,117283,2014-12-31
getbruin.com,2,1,,2024-01-05
datachannel.co,2,1,,2017-06-10
gtmengineerclub.com,2,1,,2026-04-16
dinmo.com,2,1,,2004-09-21
velodb.io,2,1,,2024-04-15
groundcover.com,2,1,148402,2000-06-18
coalesce.io,2,1,,2022-01-20
basedash.com,2,1,933431,2013-04-12
hud.io,2,1,,2014-12-20
scoutapm.com,2,1,337382,2019-04-09
dash0.com,2,1,31239,2011-02-01
grepr.ai,2,1,,2024-07-05
cribl.io,2,1,47183,2019-05-29
logz.io,2,1,20145,2015-02-14
newrelic.com,2,1,387,2000-06-10
blazemeter.com,2,1,181373,2011-10-20
uptrace.dev,2,1,300275,2020-08-06
atatus.com,2,1,126973,2014-06-14
coralogix.com,2,1,11287,2014-04-30
deployhq.com,2,1,305642,2010-08-27
thesoftwarescout.com,2,1,,2018-08-05
incredibuild.com,2,1,55698,2003-09-27
web-alert.io,2,1,,2026-01-12
onlineornot.com,2,1,387045,2009-09-15
nurbak.com,2,1,,2015-10-07
24observe.com,2,1,,2026-06-10
apistatuscheck.com,2,1,,2026-01-29
monitorplatform.com,2,1,,2026-03-09
distr.sh,2,1,,2025-01-29
slashdot.org,2,1,2543,1998-01-13
ferndesk.com,2,1,700281,2009-07-15
writechoice.io,2,1,,2024-02-15
huggingface.co,2,1,1169,2017-03-18
treblle.com,2,1,640501,2020-08-10
technicalwriterhq.com,2,1,,2020-11-24
digitalapi.ai,2,1,,2025-02-20
kameleoon.com,2,1,52745,2004-03-24
flagsmith.com,2,1,34587,2004-05-26
growthbook.io,2,1,4231,2021-05-16
smtp2go.com,2,1,11029,2007-01-11
leadscrape.com,2,1,,2012-01-22
getresponse.com,2,1,7719,1999-01-25
sendlayer.com,2,1,647650,2016-03-07
logto.io,2,1,404951,2022-01-30
kinde.com,2,1,68294,2002-05-25
cerbos.dev,2,1,681022,2021-06-16
nucamp.co,2,1,311289,2018-11-04
cosmicjs.com,2,1,176696,2016-02-23
sanity.io,2,1,4317,2017-09-14
kontent.ai,2,1,154044,2019-09-16
enterprisecms.org,2,1,,2025-09-08
cloudtweaks.com,2,1,387070,
appmaker.xyz,2,1,,2016-10-26
engagelab.com,2,1,12240,2013-03-24
pushpilot.ai,2,1,,
revechat.com,2,1,127448,2014-06-10
marktechpost.com,2,1,52774,2018-11-30
redis.io,2,1,2820,2010-06-02
pingcap.com,2,1,156573,2015-12-16
cake.ai,2,1,,2016-08-21
sinch.com,2,1,11934,1999-10-11
textrequest.com,2,1,140295,2004-08-26
infobip.com,2,1,5243,2003-12-26
revesoft.com,2,1,237326,2003-11-18
verdent.ai,2,1,127699,2025-09-06
faros.ai,2,1,411598,2019-07-27
playcode.io,2,1,180355,2017-03-30
qodo.ai,2,1,100820,2024-09-24
replit.com,2,1,3773,2015-02-14
syncfusion.com,2,1,46717,2001-09-24
galileo.ai,2,1,319936,2016-07-10
mlflow.org,2,1,121158,2018-06-05
controlmonkey.io,2,1,,2022-11-26
01net.com,2,1,20210,1996-12-30
mediacopilot.ai,2,1,,2023-12-13
sonix.ai,2,1,134494,2017-07-09
crn.com,2,1,17331,1997-12-11
cynet.com,2,1,23843,1996-12-26
topchoicefor.com,2,1,,
everykey.com,2,1,,2002-01-21
meetjamie.ai,2,1,137178,2022-10-13
simular.ai,2,1,664125,2022-05-01
voicetonotes.ai,2,1,,2025-04-03
sublime.security,2,1,510747,2023-01-17
ironscales.com,2,1,116032,2015-11-28
barracuda.com,2,1,5740,2000-05-10
synack.com,2,1,201917,2000-10-28
cybergl.com,2,1,,2014-12-17
techmagic.co,2,1,549839,2013-07-02
equixly.com,2,1,,2023-07-20
qualysec.com,2,1,,2021-01-06
softwaresecured.com,2,1,,2010-01-14
deepstrike.io,2,1,321167,2023-04-27
mightyid.com,2,1,,2004-03-28
underdefense.com,2,1,975285,2018-08-14
connectwise.com,2,1,18013,1996-12-19
knowledgeowl.com,2,1,159406,2010-05-13
productlift.dev,2,1,63831,2020-09-23
egain.com,2,1,211980,1998-12-07
bloomfire.com,2,1,151206,2004-03-23
jostle.me,2,1,635661,2011-04-26
tana.inc,2,1,158397,2021-12-26
proprofskb.com,2,1,,2021-12-27
axerosolutions.com,2,1,727910,2008-10-26
herothemes.com,2,1,435739,2009-05-20
projectmanager.com,2,1,58612,1996-12-21
visionlabs.com,2,1,,2000-08-15
uxtweak.com,2,1,80928,2018-08-14
productschool.com,2,1,198271,2001-05-17
bugherd.com,2,1,20295,2010-12-09
productlane.com,2,1,444170,2013-06-17
custify.com,2,1,180731,2011-01-30
mouseflow.com,2,1,11147,2009-07-15
kanbanchi.com,2,1,874478,2013-11-04
prodpad.com,2,1,353533,2011-01-28
uxpilot.ai,2,1,295972,2023-12-07
banani.co,2,1,972107,2013-04-20
ixdf.org,2,1,19604,2013-08-14
livesession.io,2,1,139810,2018-08-16
magicpatterns.com,2,1,362659,2004-03-25
lyssna.com,2,1,163084,1999-04-18
figr.design,2,1,,2023-03-31
aitoolsset.com,2,1,,
anything.com,2,1,284247,1999-01-17
diyvideoeditor.com,2,1,,2012-12-08
amateurphotographer.com,2,1,74913,2000-03-03
vagon.io,2,1,666811,2019-11-19
123rf.com,2,1,4197,2005-05-17
snappa.com,2,1,126289,2004-05-20
expertphotography.com,2,1,122748,2001-05-18
softorino.com,2,1,281360,2011-10-15
figma.com,2,1,869,1999-09-07
mockflow.com,2,1,263421,2009-08-31
uxpin.com,2,1,70909,2010-11-13
screenrec.com,2,1,64043,2003-07-15
swarmify.com,2,1,,2008-03-27
rss.com,2,1,13643,2008-07-04
alitu.com,2,1,320137,2006-05-28
quillpodcasting.com,2,1,,2021-04-23
thepodcasthost.com,2,1,253465,2011-01-24
tyxstudios.com,2,1,,2023-03-25
thepodcastsetup.com,2,1,,2022-10-06
podcastmonkey.co,2,1,,2024-02-25
transistor.fm,2,1,15035,2017-09-30
hunter.io,2,1,31454,2015-02-24
zerobounce.net,2,1,58706,2017-07-07
lagrowthmachine.com,2,1,326530,2018-08-04
easydmarc.com,2,1,97354,2018-05-23
dataimpulse.com,2,1,13206,2022-12-03
dolphin-anty.com,2,1,361710,2024-08-24
toproxylab.com,2,1,,2026-01-23
decodo.com,2,1,6431,2002-09-27
mindee.com,2,1,,2001-11-28
koncile.ai,2,1,,2024-04-17
puter.com,2,1,194674,1998-05-25
unstract.com,2,1,,2023-11-28
imagetotable.ai,2,1,,2026-08-08
llamaindex.ai,2,1,61242,2023-06-06
lido.app,2,1,868299,2020-07-18
techtose.com,2,1,,2021-12-25
adaratranslate.com,2,1,,2023-03-04
translateplus.io,2,1,,2023-11-29
machinetranslation.com,2,1,314144,2001-02-02
circletranslations.com,2,1,,2011-02-07
apiyi.com,2,1,319478,2013-01-13
edenai.co,2,1,563152,2021-07-26
langbly.com,2,1,,2026-04-12
regulaforensics.com,2,1,60102,2010-01-05
proof.com,2,1,99220,2000-01-19
fastpasscorp.com,2,1,,2006-02-07
veridas.com,2,1,946192,2001-09-27
id-pal.com,2,1,,2016-03-12
dock.io,2,1,678228,
unit21.ai,2,1,873833,2019-02-15
datavisor.com,2,1,625315,2001-07-21
validadvantage.com,2,1,,2009-07-23
scrape.do,2,1,233707,2020-10-31
hasdata.com,2,1,973539,2011-02-08
capsolver.com,2,1,90254,2022-11-28
scrapingdog.com,2,1,340984,2020-08-03
scrapfly.io,2,1,270041,2020-11-04
zyte.com,2,1,89203,2001-07-19
spider.cloud,2,1,,2024-04-24
scrapecreators.com,2,1,591354,2024-05-17
taxcloud.com,2,1,,2015-10-18
anrok.com,2,1,605922,2010-01-21
deel.com,2,1,30330,1999-10-12
fungies.io,2,1,605329,2022-09-22
galvix.com,2,1,,2008-05-12
solidgate.com,2,1,41026,2011-02-07
zoneandco.com,2,1,667205,2017-03-05
outseta.com,2,1,228637,2017-06-03
whop.com,2,1,18137,2001-02-02
vertice.one,2,1,884751,2022-05-19
speclens.ai,2,1,,2026-06-05
cakeequity.com,2,1,,2019-02-17
qapita.com,2,1,,2001-04-04
incentrium.com,2,1,,2011-02-01
eqvista.com,2,1,362292,2018-10-15
optioincentives.com,2,1,,2023-11-30
pulley.com,2,1,404446,1999-05-08
mrpeasy.com,2,1,147417,2013-10-08
techrepublic.com,2,1,5451,1999-04-29
brahmin-solutions.com,2,1,,2018-11-11
claruswms.ai,2,1,,
balloonone.com,2,1,,2004-05-20
sortly.com,2,1,181178,2013-06-15
gestisoft.com,2,1,,2000-12-06
erpresearch.com,2,1,883207,2004-12-12
onboardmeetings.com,2,1,186429,2011-02-01
appdeck.com,2,1,,2011-09-26
rtafleet.com,2,1,273724,1998-01-10
oxmaint.com,2,1,411548,2021-10-28
shopview.com,2,1,497469,1999-02-18
reach24.net,2,1,,2011-10-07
ifs.com,2,1,60244,1998-12-02
mymanagementguide.com,2,1,,2010-07-10
badgermapping.com,2,1,391647,2012-09-23
cirasync.com,2,1,,2016-07-12
buildops.com,2,1,50677,2017-06-12
goshippo.com,2,1,54600,2013-09-27
amzprep.com,2,1,974904,2018-08-05
shipium.com,2,1,,2018-08-04
sendcloud.com,2,1,31551,2009-02-02
olimpwarehousing.com,2,1,,2022-09-09
samcart.com,2,1,55929,2014-01-08
help.com,2,1,556380,1999-11-28
dreamgrow.com,2,1,197969,2009-05-02
digg.com,2,1,2443,1998-11-11
thinkific.com,2,1,5493,2012-06-10
cypherlearning.com,2,1,359792,2016-05-27
360learning.com,2,1,49833,2002-06-02
topclasslms.com,2,1,561906,2023-10-02
talentlms.com,2,1,17691,2012-02-16
docebo.com,2,1,89899,2005-02-04
journeybee.io,2,1,,2024-04-16
referralcandy.com,2,1,58272,2011-06-20
partnero.com,2,1,244176,2002-12-13
higherlogic.com,2,1,111359,2001-02-20
scrile.com,2,1,653960,2019-12-10
zanfia.com,2,1,,2013-03-29
phpfox.com,2,1,293137,2005-11-24
linodash.com,2,1,,2022-10-28
tremendous.com,2,1,66772,1999-01-25
nector.io,2,1,46495,2016-10-10
voucherify.io,2,1,372458,2015-04-21
collegian.com,2,1,300486,1998-05-20
customergauge.com,2,1,182630,2007-12-16
logicalcommander.com,2,1,,2018-11-23
opia.com,2,1,,1998-11-11
brierley.com,2,1,,1997-01-01
kognitiv.com,2,1,,2002-11-26
storyprompt.com,2,1,,2013-07-04
findstack.es,2,1,,2023-01-16
affiliatebooster.com,2,1,,2003-09-29
whatpayment.com,2,1,,2011-02-08
coursebox.ai,2,1,400889,2021-12-23
membersfy.com,2,1,,2025-01-13
easy.tools,2,1,646921,2018-08-11
membresias.com,2,1,,2000-10-01
dominioemprendedor.com,2,1,,2025-12-07
bluehost.com,2,1,381,2000-03-03
com.au,2,1,,1996-11-01
localdominator.co,2,1,674405,2023-05-10
rivaldigital.com,2,1,,2020-11-25
webtonic.io,2,1,,2019-07-21
localrank.so,2,1,,2025-02-22
searchatlas.com,2,1,20252,2000-12-06
localo.com,2,1,321774,2000-05-26
twominutereports.com,2,1,,2024-04-18
branditms.com,2,1,,2005-06-29
wiserreview.com,2,1,97386,2018-08-25
canto.com,2,1,60446,1998-12-06
stockpress.co,2,1,,2020-08-09
getmasset.com,2,1,,2023-03-28
vntana.com,2,1,423106,2012-03-12
celum.com,2,1,,2003-07-25
contentcloud.ai,2,1,,2025-03-07
cmswire.com,2,1,26104,2003-10-09
akeneo.com,2,1,96725,2012-12-14
creativeforce.io,2,1,333192,2020-01-26
odoopim.com,2,1,,2025-07-12
tryprodify.com,2,1,,2024-11-05
saleslayer.com,2,1,296811,2013-06-18
lokalise.com,2,1,4340,2012-01-09
poeditor.com,2,1,168676,2009-12-13
taia.io,2,1,,2019-07-22
lingohub.com,2,1,189698,2011-02-02
getblend.com,2,1,210121,2011-01-28
centus.com,2,1,,2000-10-26
localizejs.com,2,1,172117,2014-05-25
numerous.ai,2,1,501938,2023-01-23
alconost.com,2,1,974004,2003-11-19
weglot.com,2,1,10787,2016-02-08
laratranslate.com,2,1,110330,2025-07-29
influee.co,2,1,374274,2018-03-31
influencerstrategists.com,2,1,,2026-01-16
getflowbox.com,2,1,23116,2016-09-14
uplodio.com,2,1,,2023-07-24
influenceflow.io,2,1,,2025-12-30
sproutsocial.com,2,1,3176,2009-12-12
medianug.com,2,1,,2022-07-01
prlab.co,2,1,743437,2019-06-05
agilitypr.com,2,1,102220,2003-04-10
prezly.com,2,1,31872,2010-02-06
pr.co,2,1,124067,2013-10-06
presspage.com,2,1,51606,2004-09-25
prowly.com,2,1,41608,2013-04-05
omnibound.ai,2,1,,2025-09-28
distribb.io,2,1,,2025-09-26
editorial.link,2,1,685954,2021-05-16
amworldgroup.com,2,1,672784,2016-03-05
b2press.com,2,1,,2011-02-01
jpost.com,2,1,3961,1996-12-30
easyprwire.com,2,1,,2025-06-22
9figuremedia.com,2,1,,2021-11-18
isentia.com,2,1,614889,1999-11-28
onclusive.com,2,1,166641,2014-02-14
quantilope.com,2,1,205414,2015-09-12
shadow.inc,2,1,,2024-09-11
mentionlytics.com,2,1,409338,2015-11-08
webinarjam.com,2,1,36476,2013-11-21
easywebinar.com,2,1,272325,2004-05-26
streamgo.events,2,1,,2022-04-06
univid.io,2,1,,2020-08-13
crowdcomms.com,2,1,343665,2011-06-25
livestorm.co,2,1,18593,2017-05-12
expoplatform.com,2,1,245306,2013-03-20
eventhex.ai,2,1,,2024-08-10
swapcard.com,2,1,29293,2001-02-24
involve.me,2,1,55737,2015-01-01
front.com,2,1,115633,1998-01-10
freshtix.com,2,1,260464,2005-11-25
weezevent.com,2,1,12946,2008-10-03
thepercentage.asia,2,1,,2021-03-31
amego.com,2,1,,2002-03-24
happenow.app,2,1,,2026-08-13
vivenu.com,2,1,38658,2011-02-02
endearhq.com,2,1,867619,2019-07-16
supersaas.com,2,1,108641,2007-10-11
workflowautomation.net,2,1,,2021-12-26
meetergo.com,2,1,161706,2021-05-05
pocketinformant.com,2,1,353656,2000-10-18
readdle.com,2,1,49835,2007-10-11
niftypm.com,2,1,190546,2017-02-02
habitbox.app,2,1,,2024-11-29
lifestack.ai,2,1,,2024-04-19
getzendo.io,2,1,,2021-04-14
businessmap.io,2,1,284767,2023-10-03
meistertask.com,2,1,60410,2014-10-22
asana.com,2,1,2298,1996-12-22
any.do,2,1,41806,2010-03-22
nathanojaokomo.com,2,1,,2021-03-21
triskellsoftware.com,2,1,,2013-01-13
deskday.com,2,1,,2023-02-14
projectworks.com,2,1,,2001-04-21
moxo.com,2,1,82192,2001-09-26
operating.app,2,1,,2021-12-18
sifthub.io,2,1,,2024-04-03
swydo.com,2,1,529449,2010-09-03
autogenai.com,2,1,892526,2022-10-14
proposify.com,2,1,167729,2013-04-04
salesmate.io,2,1,27890,2016-03-23
repordermanagement.com,2,1,,2021-12-22
pandadoc.com,2,1,14663,2013-04-07
scoro.com,2,1,154935,2001-05-20
dealhub.io,2,1,110368,2018-03-25
mobileforce.ai,2,1,,2025-11-03
cpq-integrations.com,2,1,,2023-12-02
godlan.com,2,1,,1998-12-06
resourceguruapp.com,2,1,265211,2010-12-05
worklenz.com,2,1,,2001-04-05
workamajig.com,2,1,192663,2008-05-05
nooks.ai,2,1,,2023-03-31
forecastio.ai,2,1,,2024-02-13
skylead.io,2,1,,2020-08-07
leadsbridge.com,2,1,253488,2005-01-14
leadinfo.com,2,1,29745,1996-12-25
optinmonster.com,2,1,21335,2013-03-07
hypergen.io,2,1,,2022-07-06
unifygtm.com,2,1,389594,2023-03-27
mailwarm.com,2,1,,2010-05-24
gmass.co,2,1,121231,2016-01-13
infraforge.ai,2,1,,2024-07-18
withlantern.com,2,1,,2021-07-12
spotio.com,2,1,352767,2012-01-27
alpharun.com,2,1,,2003-04-22
salesmotion.io,2,1,,2024-04-15
bookyourdata.com,2,1,544333,2015-06-12
mailercheck.com,2,1,,2018-08-08
emailchaser.com,2,1,,2003-09-19
anymailfinder.com,2,1,584626,2015-08-31
phantombuster.com,2,1,63954,2014-12-19
companionlink.com,2,1,415181,1998-12-06
instantly.ai,2,1,44651,2021-05-13
warmforge.ai,2,1,,2024-09-16
aerosend.io,2,1,,2025-06-23
tomba.io,2,1,371442,2021-02-18
mailivery.io,2,1,,2021-02-11
signado.io,2,1,,2026-04-19
whatconverts.com,2,1,306979,2012-11-04
nanoglobals.com,2,1,,2002-08-11
recepta.ai,2,1,,2026-02-09
cleverly.co,2,1,,2013-12-15
claap.io,2,1,245451,2021-02-19
revenue.io,2,1,264828,2021-11-02
outreach.ai,2,1,178294,2017-05-29
enterprisebot.ai,2,1,,2018-11-16
udeskglobal.com,2,1,127744,2022-04-06
zoom.com,2,1,838,1996-10-18
kapture.cx,2,1,,2022-09-21
amplifai.com,2,1,900299,2011-02-08
goto.com,2,1,5652,1996-12-21
dstny.com,2,1,290503,2001-02-18
usepylon.com,2,1,15239,2023-01-23
oliv.ai,2,1,,2019-07-18
thecscafe.com,2,1,,2015-04-06
nextiva.com,2,1,23968,2001-09-09
productfruits.com,2,1,24918,2020-08-09
plotline.so,2,1,44427,2022-08-08
quickhunt.app,2,1,,2024-08-10
produktly.com,2,1,267694,2021-04-20
twixor.ai,2,1,,2024-12-31
surveyninja.io,2,1,,2024-08-23
surveyvista.com,2,1,,2011-01-28
survicate.com,2,1,5070,2014-01-11
usersnap.com,2,1,26267,2011-10-11
retable.io,2,1,,2021-01-27
pecan.ai,2,1,447557,2019-02-07
cuoral.com,2,1,,2025-04-07
energent.ai,2,1,889395,2025-03-23
churnsolution.com,2,1,863814,2024-01-20
guidecx.com,2,1,419893,2020-06-22
productonboarding.com,2,1,,2018-08-27
jimo.ai,2,1,,2024-02-17
crescendo.ai,2,1,221691,2020-10-13
happyfox.com,2,1,55178,2003-03-03
fixify.com,2,1,,2004-01-29
webfuse.com,2,1,,2002-06-04
thesmallbusinessexpo.com,2,1,337943,2011-02-13
teneo.ai,2,1,,2019-07-18
chatsy.app,2,1,,2021-12-25
getdarwin.ai,2,1,,2024-02-26
heyy.io,2,1,,2022-01-05
emelia.io,2,1,,2021-06-30
splashtop.com,2,1,2907,2007-10-12
deskin.io,2,1,95241,2022-05-13
sobrii.io,2,1,,2023-12-07
iperiusremote.com,2,1,631178,2016-02-21
channelinsider.com,2,1,317341,
zoho.com,2,1,816,2000-04-07
tsplus.net,2,1,277848,2008-05-29
inuvika.com,2,1,,2014-12-30
parallels.com,2,1,2662,1998-12-01
cortavo.com,2,1,,2020-08-14
botpress.com,2,1,115008,2007-01-03
crisp.chat,2,1,7273,2025-09-01
action1.com,2,1,9152,2000-05-10
workelevate.com,2,1,,2013-06-21
syncrosecure.com,2,1,860015,2026-03-04
unduit.com,2,1,,2013-07-18
factorialhr.com,2,1,28578,2017-07-06
assetmanagement.global,2,1,,2024-05-10
remoasset.com,2,1,,
kentik.com,2,1,59644,2004-10-24
whatsupgold.com,2,1,443589,2000-05-11
virtana.com,2,1,317571,2011-02-02
sematext.com,2,1,52475,2007-05-31
whichvoip.com,2,1,,2005-01-11
thenetworkdna.com,2,1,,2020-06-17
palomarr.com,2,1,,2024-08-26
telcosolutions.net,2,1,,2004-06-10
obkio.com,2,1,208077,2018-08-17
networkcritical.com,2,1,,1999-10-09
wireshark.org,2,1,3314,2006-06-12
eccouncil.org,2,1,33598,2002-06-08
itprc.com,2,1,,1999-10-12
eastbaycyber.com,2,1,,
kitecyber.com,2,1,914921,2024-03-28
apporto.com,2,1,436637,2004-06-11
portnox.com,2,1,57866,2009-10-11
nudgesecurity.com,2,1,156642,2022-03-18
forcepoint.com,2,1,37166,2004-03-28
teramind.co,2,1,24487,2014-09-12
kickidler.com,2,1,97907,2018-02-24
fortra.com,2,1,19366,2011-12-27
linx.security,2,1,,2024-07-22
securends.com,2,1,,2018-08-21
tryrisotto.com,2,1,965038,2024-04-18
corma.io,2,1,,2024-03-04
almcorp.com,2,1,220278,2000-12-04
authgear.com,2,1,,2015-08-01
inteca.com,2,1,,1998-11-11
crm.org,2,1,284117,2001-11-30
supertokens.com,2,1,565488,2008-12-16
authx.com,2,1,720910,1998-01-19
infisign.ai,2,1,,2024-05-27
12port.com,2,1,,2010-04-05
fidoalliance.org,2,1,39881,2012-11-21
secureitworld.com,2,1,,2011-01-30
jumpcloud.com,2,1,3404,2013-09-09
descope.com,2,1,61886,2001-04-23
viasocket.com,2,1,230665,2016-04-18
startwithidentity.com,2,1,,2021-12-25
akeyless.io,2,1,33634,2020-03-16
envmanager.com,2,1,,2011-01-28
gitguardian.com,2,1,82241,2018-08-26
strongdm.com,2,1,48054,2015-02-01
keepersecurity.com,2,1,13428,2012-01-12
virima.com,2,1,505468,2007-07-14
securew2.com,2,1,51589,2004-06-11
certifier.io,2,1,244889,2021-12-28
redlings.com,2,1,,2023-11-29
redcanary.com,2,1,182537,2001-04-02
getastra.com,2,1,123876,2015-05-03
tuxcare.com,2,1,27189,2013-07-19
armosec.io,2,1,669393,2020-10-01
appsecsanta.com,2,1,,2021-11-28
orca.security,2,1,171990,2019-05-05
accuknox.com,2,1,343746,2021-02-28
busistack.com,2,1,,
zeropath.com,2,1,,2001-07-19
raven.io,2,1,,2011-09-26
plexicus.ai,2,1,,2025-07-18
getpanto.ai,2,1,,2025-03-20
trainingcamp.com,2,1,941698,1998-12-02
cloudsek.com,2,1,187371,2016-08-17
stationx.net,2,1,312305,2000-02-29
sherlock.xyz,2,1,711995,2021-06-03
immunefi.com,2,1,171691,2020-12-02
hackerone.com,2,1,11252,2005-02-09
hackenproof.com,2,1,323522,2018-01-27
flare.io,2,1,305421,2014-10-12
apono.io,2,1,,2021-12-10
analyticsinsight.net,2,1,27421,2016-07-30
dialpad.com,2,1,13928,1999-11-27
cybertriage.com,2,1,,2011-01-31
vmray.com,2,1,314115,2014-01-10
atlassystems.com,2,1,,1998-12-05
ilert.com,2,1,260479,2002-09-22
incident.io,2,1,32865,2018-07-04
uptrue.io,2,1,,2026-08-19
steadybit.com,2,1,,2011-02-07
harness.io,2,1,11722,2013-07-03
cubeapm.com,2,1,,2023-07-17
topbusinesssoftware.com,2,1,173495,2008-11-10
gatling.io,2,1,284988,2014-08-03
abstracta.us,2,1,703733,2015-03-16
skyvern.com,2,1,507668,2013-04-24
functionize.com,2,1,202273,2015-09-27
deviqa.com,2,1,,2016-04-22
testwheel.com,2,1,,2017-04-06
katalon.com,2,1,47419,2002-09-27
adapty.io,2,1,9899,2019-10-15
qawolf.com,2,1,484196,2017-05-29
drizz.dev,2,1,,2024-06-02
autify.com,2,1,536296,2011-01-28
ranorex.com,2,1,198635,2006-11-04
testdino.com,2,1,,2025-07-17
testbooster.ai,2,1,,2025-05-01
qable.io,2,1,,2019-08-21
kualitatem.com,2,1,,2009-02-10
testomat.io,2,1,468917,2020-06-17
accelq.com,2,1,497026,2014-12-16
momentic.ai,2,1,720688,2023-10-30
argos-ci.com,2,1,,2017-11-30
getunblocked.com,2,1,428564,2006-12-06
codeant.ai,2,1,929249,2024-02-23
offensive360.com,2,1,,2021-06-24
gitautoreview.com,2,1,,2026-01-08
teamhood.com,2,1,500023,2001-05-01
softwaretestinghelp.com,2,1,59782,2007-03-19
aviator.co,2,1,568336,2018-08-07
monorepo.tools,2,1,,2022-01-21
codewithyoha.com,2,1,,2024-03-27
pkgpulse.com,2,1,,2026-03-20
saasworthy.com,2,1,117302,2018-02-12
alternative.to,2,1,,2010-02-15
pulumi.com,2,1,55870,2016-01-10
spacelift.io,2,1,88522,2020-10-11
alpacked.io,2,1,,2019-08-23
firefly.ai,2,1,934932,2015-09-05
itential.com,2,1,,2003-07-28
sedai.io,2,1,,2019-03-11
qovery.com,2,1,477133,2019-11-09
dysnix.com,2,1,,2020-08-10
tigera.io,2,1,106810,2016-08-25
solo.io,2,1,362102,1997-12-21
devopscube.com,2,1,520567,2014-11-21
innovatixinc.com,2,1,,2025-04-10
blaxel.ai,2,1,744658,2025-02-21
datadoghq.com,2,1,316,2010-08-09
techbuddies.io,2,1,,2023-10-17
serverspotter.com,2,1,,2026-07-29
binmile.com,2,1,,2017-03-11
encore.dev,2,1,348176,2020-05-26
codecapsules.io,2,1,,2021-01-19
devteam.space,2,1,531924,2015-11-07
dokploy.com,2,1,461615,2024-04-29
vantage.sh,2,1,229487,2020-07-11
hostingadvice.com,2,1,142405,2004-09-24
thesiliconreview.com,2,1,238008,2014-04-14
liquidweb.com,2,1,5074,1998-02-11
runpod.io,2,1,21706,2021-12-29
jarvislabs.ai,2,1,,2020-11-11
spheron.network,2,1,387555,2022-01-26
fluence.network,2,1,881193,2019-01-30
gmicloud.ai,2,1,361411,2024-05-09
filebase.com,2,1,183290,1998-12-05
lowcloud.io,2,1,,2025-09-29
scality.com,2,1,373858,2003-11-21
jv16powertools.com,2,1,,2003-09-29
ipme.co,2,1,,2026-08-18
modemguides.com,2,1,,2015-01-12
showdns.net,2,1,,2024-05-02
bitlaunch.io,2,1,494122,2018-01-23
eldernode.com,2,1,,2019-12-06
publicdns.info,2,1,,2013-07-25
controld.com,2,1,5430,1999-11-28
privacytools.io,2,1,111318,2015-03-08
fastly.com,2,1,7053,2001-03-01
broadbandnow.com,2,1,77841,2001-04-28
edgenext.com,2,1,325081,2022-09-26
geeksforgeeks.org,2,1,3217,2009-09-24
graygrids.com,2,1,711623,2014-07-26
hostproreviews.com,2,1,,
affninja.com,2,1,,2008-04-30
lister.ai,2,1,,2019-05-07
openprovider.com,2,1,171944,2004-03-27
pragmaticengineer.com,2,1,61409,2001-07-19
instantdomainsearch.com,2,1,186281,2005-10-24
namepros.com,2,1,28678,2002-08-22
elementor.com,2,1,3704,1999-11-27
smrtec.cloud,2,1,,2026-02-03
prehost.com,2,1,,2004-09-03
k5n.us,2,1,501566,2004-03-30
hostly.sh,2,1,,2026-05-23
calendarpa.com,2,1,,2011-01-28
selfhost.dev,2,1,,2021-10-28
nearbase.dev,2,1,,2026-06-10
queryplane.com,2,1,,2021-12-22
bytebase.com,2,1,535528,2004-04-04
maximaconsulting.com,2,1,,2001-04-28
fortifieddata.com,2,1,,2013-06-12
questdb.com,2,1,472746,2004-03-26
cratedb.com,2,1,146542,2023-09-27
basekick.net,2,1,,2025-09-02
tigergraph.com,2,1,589119,2017-09-20
arcadedb.com,2,1,,2002-09-21
1bench.dev,2,1,,2026-06-24
theideamagazine.com,2,1,,2013-09-05
enate.io,2,1,,2022-05-05
kestra.io,2,1,74027,2021-03-16
ycombinator.com,2,1,2258,2005-03-24
getcollate.io,2,1,547173,2022-02-11
slack.com,2,1,355,1998-12-06
mangools.com,2,1,35640,2016-08-18
invedus.com,2,1,,2018-08-05
outrank.so,2,1,196360,2024-10-07
crowdo.net,2,1,,2020-05-29
sbranker.com,2,1,,2024-12-18
confluent.io,2,1,18079,2014-11-09
risingwave.com,2,1,898398,2001-06-23
mimacom.com,2,1,,2004-04-07
sureshot.video,2,1,,2018-08-10
cotocus.com,2,1,,2016-10-25
endavomedia.com,2,2,,2006-02-04
ataccama.com,2,1,437483,2008-04-13
dbmstools.com,2,1,,2017-01-30
datahub.com,2,1,437736,1996-12-27
mymarketresearchmethods.com,2,1,,2011-10-28
semarchy.com,2,1,898548,2011-02-27
verdantis.com,2,1,,2011-02-02
ketch.com,2,1,559815,1996-12-21
osano.com,2,1,3646,2002-11-21
firstsanfranciscopartners.com,2,1,,2007-11-15
expanso.io,2,1,,2023-03-24
reply.com,2,1,54298,1996-11-13
fivetran.com,2,1,17920,2013-03-18
hightouch.com,2,1,141684,1996-11-05
tilores.io,2,1,,2022-08-12
ciente.io,2,1,,2023-03-29
prospeo.io,2,1,72123,2023-08-15
secureprivacy.ai,2,1,25571,2017-11-14
cookiehub.com,2,1,592040,2007-01-10
didomi.io,2,1,174346,2020-12-12
ethyca.com,2,1,19567,2003-03-29
cside.com,2,1,78049,1998-12-02
geotargetly.com,2,1,626344,2018-08-25
sprinto.com,2,1,144000,2001-04-19
topickz.com,2,1,,2002-12-17
apptega.com,2,1,,2017-09-03
scytale.ai,2,1,465170,2021-10-20
cloudeagle.ai,2,1,683033,2020-11-07
beaglesecurity.com,2,1,,2019-08-22
knowledgehut.com,2,1,127315,2011-10-19
trackernetworks.com,2,1,,2015-03-19
spmarketplace.com,2,1,,2011-02-10
doctract.com,2,1,,2018-08-04
mitratech.com,2,1,170005,1998-12-02
smartsuite.com,2,1,172499,2006-02-12
regly.ai,2,1,,2024-04-02
anywherer.com,2,1,,2021-12-13
flowforma.com,2,1,716572,2003-02-11
continuity2.com,2,1,,2007-09-14
trullion.com,2,1,685402,2001-05-22
smartaudits.online,2,1,,2022-07-17
datasnipper.com,2,1,138057,2013-05-16
confideplatform.com,2,1,,2024-03-23
wemoral.com,2,1,,2018-08-08
elker.com,2,1,,2002-11-07
ordio.com,2,1,91307,2001-04-04
businesswith.com,2,1,,2004-09-03
whistlelink.com,2,1,268416,2013-04-12
positiongreen.com,2,1,,2010-01-20
emissiontwin.com,2,1,,2023-12-06
pulsora.com,2,1,,2017-04-16
energycap.com,2,1,935139,2002-01-21
prophix.com,2,1,189318,2001-11-29
tanso.de,2,1,,2023-12-04
gpx.co,2,1,,2014-05-17
buyco.co,2,1,,2013-08-16
flowlity.com,2,1,,2019-03-28
fanruan.com,2,1,117931,2006-02-19
getnauta.com,2,1,,2024-03-25
horizonsolutions.ai,2,1,,2025-03-09
com.mx,2,1,,2002-03-27
whistleblowersecurity.com,2,1,,2006-12-20
ethico.com,2,1,,2002-09-22
recruiterslineup.com,2,1,,2017-07-01
myshortlister.com,2,1,434947,2016-06-22
hrlineup.com,2,1,,2011-02-08
whistleblowerprotectionauthority.org,2,1,,
keyesg.com,2,1,,2021-07-08
climatepartner.com,2,1,91321,2004-09-01
sweep.net,2,1,423393,1998-12-06
carbmee.com,2,1,,2021-06-18
plana.earth,2,1,417610,2017-03-01
jobpack.com,2,1,,1999-10-22
jitbase.com,2,1,,2011-02-08
cin7.com,2,1,19355,2003-06-21
usersolutions.com,2,1,,2000-03-03
industrytoday.com,2,1,209409,2001-03-02
upkeep.com,2,1,243507,2005-10-23
getmaintainx.com,2,1,44589,2019-03-28
tractian.com,2,1,136051,2017-06-10
qt9software.com,2,1,,2008-08-02
dotcompliance.com,2,1,995251,2001-11-26
accruent.com,2,1,149880,2001-11-16
assetpanda.com,2,1,277794,2013-03-28
abax.com,2,1,,1999-11-28
the-qrcode-generator.com,2,1,50203,2011-06-16
ironsoftware.com,2,1,553954,1999-04-30
groupdocs.app,2,1,97508,2019-07-19
sumatosoft.com,2,1,986233,2014-06-04
iotforall.com,2,1,130635,2017-07-31
sam-solutions.com,2,1,517738,2005-02-07
kiloiot.io,2,1,,2024-07-18
invoidea.com,2,1,,2018-03-24
assetinfinity.com,2,1,,2016-02-21
softwareconnect.com,2,1,358312,2004-02-28
serchen.com,2,1,209065,2002-11-26
digetiers.com,2,1,,2020-10-28
fabrico.io,2,1,,2023-10-30
reliamag.com,2,1,,2024-08-11
thecadhub.com,2,1,,2011-02-02
upwork.com,2,1,2472,2011-02-01
shapr3d.com,2,1,53211,2015-01-29
simutecra.com,2,1,,2026-06-10
smartcadsoft.com,2,1,,2023-07-23
fscircuits.com,2,1,,2024-08-07
kicad.org,2,1,51505,2012-05-17
altium.com,2,1,12733,2001-09-26
ema-eda.com,2,1,,1996-12-20
wintechpcbassembly.com,2,1,,2024-05-22
wonderfulpcb.com,2,1,626849,2010-05-22
predictabledesigns.com,2,1,,2015-12-15
siemens.com,2,1,1212,1996-12-26
superrendersfarm.com,2,1,,2018-08-28
pixready.com,2,1,,2004-03-23
meshy.ai,2,1,20664,2023-03-17
chaos.com,2,1,20621,1997-01-02
kiriengine.app,2,1,872786,2022-08-09
knowlify.com,2,1,,2013-06-24
motiongility.com,2,1,,2019-08-18
bettermockups.com,2,1,,2021-12-18
foxrenderfarm.com,2,1,649715,2011-04-26
chatcut.io,2,1,119285,2024-06-11
zepoteq.com,2,1,,2026-01-24
musicradar.com,2,1,19921,2004-11-26
beatstorapon.com,2,1,558180,2025-01-01
borisfx.com,2,1,86887,1998-04-23
graygroupintl.com,2,1,,2018-11-22
melodics.com,2,1,382585,2004-04-07
jamesm.blog,2,1,,2023-05-26
vyond.com,2,1,48242,2004-07-24
ltx.io,2,1,127715,2024-08-13
soundstripe.com,2,1,102442,2005-04-13
wplook.com,2,1,309081,2009-01-23
stemsplit.io,2,1,,2026-01-07
landr.com,2,1,37422,1997-10-11
movingimage.com,2,1,348619,1999-01-25
jetpack.com,2,1,13083,1996-10-31
moonb.io,2,1,,2021-12-18
cinema8.com,2,1,476594,1999-11-29
behindthescenes.com,2,1,,2007-04-28
pictory.ai,2,1,37058,2020-07-02
uygarduzgun.com,2,1,,2020-11-14
production-expert.com,2,1,485496,2014-05-15
soundref.com,2,1,,2018-08-16
attackmagazine.com,2,1,415639,2012-07-11
musictech.com,2,1,132301,1996-12-21
deckary.com,2,1,,2013-05-15
prezi.com,2,1,2902,2004-03-23
nextdocs.io,2,1,,2025-01-08
worldbusinessoutlook.com,2,1,337354,2021-03-18
stornaway.io,2,1,,2020-05-08
lifeinside.io,2,1,250415,2021-06-20
heygen.com,2,1,13300,2013-06-06
atomisystems.com,2,1,304802,2008-10-06
easygenerator.com,2,1,112308,2000-10-18
planfix.com,2,1,63050,2014-05-17
aonmeetings.com,2,1,,2021-11-26
markury.app,2,1,,
mashyo.com,2,1,,2022-02-19
kosmik.app,2,1,,2020-10-31
boardmix.com,2,1,260800,2013-05-18
pixso.net,2,1,356145,2013-09-01
ip-label.com,2,1,,2001-03-02
keploy.io,2,1,856886,2021-10-18
usetusk.ai,2,1,,2024-03-13
kellton.com,2,1,552506,2001-04-22
totalshiftleft.ai,2,1,,2026-04-15
testingxperts.com,2,1,,2003-12-07
kodesage.ai,2,1,,2025-10-04
happysupport.ai,2,1,,2024-08-29
tembo.io,2,1,878818,2022-04-17
github.io,2,1,122,2020-09-05
mapify.so,2,1,130070,2024-05-28
domestika.org,2,1,12992,2002-05-26
educaciontrespuntocero.com,2,1,159901,2010-10-31
appvizer.es,2,1,,2016-07-01
wiremock.org,2,1,636720,2013-01-01
wiremock.io,2,1,,2016-04-08
graphql.org,2,1,36115,2015-09-17
wundergraph.com,2,1,970559,2013-07-28
hygraph.com,2,1,62013,2017-09-28
digitaltoolpad.com,2,1,,2025-07-12
loadfocus.com,2,1,,2013-05-03
dotcom-tools.com,2,1,418897,2003-06-20
signoz.io,2,1,225017,2020-10-28
middleware.io,2,1,169945,2018-08-31
thunderbit.com,2,1,141456,2002-06-02
oneio.cloud,2,1,,2018-08-11
snaplogic.com,2,1,129203,2003-10-21
coneksion.com,2,1,,2024-07-15
withampersand.com,2,1,,2023-04-13
svix.com,2,1,201563,2015-07-15
hookdeck.com,2,1,584045,2018-01-02
stocksmantra.com,2,1,,2005-11-04
glean.com,2,1,11870,2000-08-17
activepieces.com,2,1,179437,2021-11-24
stepper.io,2,1,,2025-10-27
getint.io,2,1,,2021-06-21
kore.ai,2,1,43211,2016-06-18
n8n.io,2,1,6016,2019-10-08
atlassian.com,2,1,615,2001-07-05
emergent.sh,2,1,20972,2024-06-23
superblocks.com,2,1,183412,2003-10-29
eleken.co,2,1,426261,2015-03-20
lowcode.agency,2,1,,2020-05-08
stackby.com,2,1,475318,2018-08-06
uibakery.io,2,1,222534,2019-07-15
vybe.build,2,1,,2025-06-30
agentui.ai,2,1,,2025-01-21
blaze.tech,2,1,,2021-12-24
tooljet.com,2,1,471097,2004-04-04
auxis.com,2,1,,1998-12-03
blueprism.com,2,1,105099,2001-02-02
zendikt.com,2,1,,2026-06-16
freshdesignweb.com,2,1,920970,2010-12-04
dronahq.com,2,1,857559,2014-10-08
makeforms.io,2,1,,2023-01-10
forms.app,2,1,37547,2018-11-30
fillout.com,2,1,26334,2001-07-21
knock-ai.com,2,1,234794,2024-04-13
userinterviews.com,2,1,55289,2016-04-14
touchstoneresearch.com,2,1,,2000-06-16
sganalytics.com,2,1,605558,2007-11-21
postmarkapp.com,2,1,23170,2009-10-15
usebouncer.com,2,1,268893,2018-02-12
vennio.app,2,1,,2026-05-23
cronofy.com,2,1,190820,2014-12-24
cometchat.com,2,1,430734,2004-02-13
ethora.com,2,1,,2007-01-04
donkey.support,2,1,,2026-01-26
iotum.com,2,1,,2003-08-23
cloudinsight.cc,2,1,,2026-01-08
gradium.ai,2,1,,2025-12-02
speechmatics.com,2,1,136443,2015-05-26
deepdub.ai,2,1,969066,2020-12-15
llmapi.ai,2,1,,2026-03-09
devtalk.com,2,1,,2004-07-28
wavespeed.ai,2,1,51458,2025-01-21
mux.com,2,1,4422,1999-01-25
fastpix.com,2,1,,1998-05-24
apiframe.ai,2,1,,2025-03-17
local-eyes.nl,2,1,,2015-12-12
wpgmaps.com,2,1,286061,2012-01-30
woosmap.com,2,1,42205,2007-05-28
felt.com,2,1,180077,2000-10-18
frontdeskreview.com,2,1,,2026-08-10
apibenchmarks.com,2,1,,2026-07-23
continuuiti.com,2,1,,2026-05-19
apollotechnical.com,2,1,109860,2009-11-15
bnonews.com,2,1,121302,2008-10-10
meteomatics.com,2,1,153128,2013-01-28
meteosource.com,2,1,575249,2021-11-30
xweather.com,2,1,101571,2001-05-22
visualcrossing.com,2,1,162163,2006-10-21
open-meteo.com,2,1,10416,2023-01-02
jua.ai,2,1,,2022-10-18
hypereal.tech,2,1,,2026-01-10
nb-data.com,2,1,,2018-08-07
financialmodelingprep.com,2,1,37885,2012-02-05
findmymoat.com,2,1,,2025-07-11
api.market,2,1,,2017-08-14
eodhd.com,2,1,149825,2023-08-07
apilayer.com,2,1,241931,2013-04-02
gbg.com,2,1,223856,1999-01-17
didit.me,2,1,149979,2021-11-29
identomat.com,2,1,,2010-01-21
lenderkit.com,2,1,,2004-03-24
velmie.com,2,1,,2018-08-06
hypersign.id,2,1,,2020-12-20
companyenrich.com,2,1,,2024-12-06
smarte.pro,2,1,,2018-08-10
data4ai.com,2,1,,2024-08-03
scalelist.com,2,1,,2013-04-12
linkfinderai.com,2,1,,2019-07-17
netrows.com,2,1,,2025-11-03
lseg.com,2,1,20193,2002-11-24
seon.io,2,1,19538,2017-07-08
clever-soft.com,2,1,,2002-11-28
zigram.tech,2,1,,2018-08-31
fintech.global,2,1,91609,2017-03-11
crustdata.com,2,1,322988,2021-10-06
herohunt.ai,2,1,,2021-10-20
nyne.ai,2,1,,2024-06-19
autumn.ai,2,1,,2017-04-24
xenett.com,2,1,,2021-06-30
figsflow.com,2,1,,2024-06-20
clinked.com,2,1,407097,2001-10-26
smartsearch.com,2,1,636317,1998-12-12
amlwatcher.com,2,1,874274,2023-11-09
symphonyai.com,2,1,332923,2017-12-10
vouched.id,2,1,334394,2019-07-21
salv.com,2,1,874948,1996-12-19
ttms.com,2,1,512985,1998-12-05
fraxion.biz,2,1,,2017-03-12
mobilexpense.com,2,1,342621,2001-04-02
ramp.com,2,1,14814,1998-01-21
swipesum.com,2,1,,2016-05-01
volopay.com,2,1,,2013-07-19
bookkeeping-services.com,2,1,,2003-08-06
clutch.co,2,1,7276,2013-06-14
business.org,2,1,182635,1998-12-01
1800accountant.com,2,1,311653,2000-06-21
renlar.com,2,1,,1998-12-12
qxaccounting.com,2,1,,2021-03-23
cobase.com,2,1,,2002-09-21
rho.co,2,1,230735,2016-03-05
nilus.com,2,1,,2002-01-08
nomentia.com,2,1,,2020-10-24
kosh.ai,2,1,,2023-02-26
ripple.com,2,1,20760,1999-11-28
getaleph.com,2,1,,2021-08-31
centage.com,2,1,,2002-02-08
truerev.com,2,1,,2009-10-29
pigment.com,2,1,220945,2000-03-03
tellius.com,2,1,,2003-06-27
thefinanceweekly.com,2,1,,2020-11-15
pacera.com,2,1,,2001-09-23
cubesoftware.com,2,1,328523,2001-07-20
thecfoshowpodcast.com,2,1,,2023-09-21
dualentry.com,2,1,908549,2013-05-31
rightrev.com,2,1,,2020-12-28
younium.com,2,1,981922,2017-09-25
withvayu.com,2,1,,2024-04-22
visdum.com,2,1,,2011-02-02
reduxpayments.com,2,1,698855,2024-09-26
churnnote.com,2,1,,2026-05-21
slickerhq.com,2,1,,2023-07-19
triggla.com,2,1,,2017-05-31
churntools.com,2,1,,2024-03-26
evergent.com,2,1,146347,2001-04-01
gaviti.com,2,1,,2011-01-28
lunos.ai,2,1,,2023-03-15
finsi.ai,2,1,,2025-02-10
stigg.io,2,1,244115,2021-04-22
m3ter.com,2,1,316974,2021-12-02
paritydeals.com,2,1,581686,2021-10-08
feedvisor.com,2,1,479537,2010-06-08
tracknow.io,2,1,651855,2023-12-08
track360.io,2,1,637376,2023-12-05
hilltopads.com,2,1,254965,2014-12-21
revsure.ai,2,1,,2022-04-07
fibbler.co,2,1,,2024-05-17
prescientai.com,2,1,,2016-01-09
usermaven.com,2,1,96578,2021-12-01
liftlab.com,2,1,,2001-03-01
measured.com,2,1,631387,2001-06-26
sellforte.com,2,1,634604,2017-09-15
designrush.com,2,1,15330,2002-09-26
convert.com,2,1,207231,1996-12-19
omniconvert.com,2,1,26516,2011-02-01
telemetrydeck.com,2,1,54940,2021-09-07
upwardengine.com,2,1,,2013-08-20
uxcam.com,2,1,13974,2013-07-20
trackingplan.com,2,1,34310,2014-05-16
statsig.com,2,1,9235,2002-05-15
mitzu.io,2,1,,2022-11-07
clevertap.com,2,1,43182,2015-09-24
appdrift.co,2,1,,2025-09-22
apptweak.com,2,1,240398,2013-03-28
theapplaunchpad.com,2,1,,2016-08-20
indieappsanta.com,2,1,,2021-11-15
udonis.co,2,1,329627,2016-06-15
lovemobile.com,2,1,,2002-06-02
deepclick.com,2,1,930353,2004-09-02
u2l.ai,2,1,,2026-08-30
ucompares.com,2,1,,2013-07-18
izooto.com,2,1,11024,2015-11-03
shorthand.com,2,1,74880,1999-11-27
neoads.tech,2,1,,2025-09-16
marsmatics.com,2,1,,2018-08-07
allocents.com,2,1,,
moldstud.com,2,1,211328,2020-10-20
yournextstore.com,2,1,,2024-03-28
vendure.io,2,1,,2019-07-19
envive.ai,2,1,,2025-03-24
voyado.com,2,1,26706,2013-07-18
netguru.com,2,1,62682,1996-11-12
strapi.io,2,1,28625,2015-10-04
netsolutions.com,2,1,382385,1996-11-12
pushninja.com,2,1,,2016-06-17
crystallize.com,2,1,260439,2000-10-18
swell.is,2,1,,2020-08-13
subbly.co,2,1,319120,2014-07-17
getonecart.com,2,1,,2018-08-04
epicsellr.com,2,1,,2024-05-01
marketplacepulse.com,2,1,198435,2015-10-26
sellerapp.com,2,1,221386,2016-06-16
phppointofsale.com,2,1,,2003-10-03
manh.com,2,1,50669,2000-02-29
getcraver.com,2,1,,2025-09-14
taptouchpos.com,2,1,,2025-02-21
posusa.com,2,1,,2001-09-02
business.com,2,1,13213,1996-12-27
poszeo.com,2,1,,2025-12-09
fooddocs.com,2,1,655202,2004-03-25
thesalonbusiness.com,2,1,,2013-07-17
dingg.app,2,1,,2019-08-07
iredellfreenews.com,2,1,143689,2019-12-09
1club.ai,2,1,,2026-07-18
getkisi.com,2,1,364593,2013-05-03
club-os.com,2,1,252146,2011-07-15
bittsi.com,2,1,,2022-03-09
shepherd.vet,2,1,87440,2021-06-10
co.vet,2,1,512769,2023-12-05
lupapets.com,2,1,536720,2024-02-26
vetsoftwarehub.com,2,1,,2025-04-07
tailwerks.com,2,1,,2025-02-21
idexx.com,2,1,12344,1998-02-13
medixdental.com,2,1,,1998-02-20
curvedental.com,2,1,471717,2006-03-31
adit.com,2,1,65443,1996-12-26
overjet.com,2,1,,2004-03-25
withcherry.com,2,1,42256,2018-08-06
planetdds.com,2,1,352459,2007-02-23
solutionreach.com,2,1,113175,2013-03-28
thedentalapp.com,2,1,,2024-05-26
certifyhealth.com,2,1,,2011-02-02
hellorache.com,2,1,565610,2016-06-25
prognocis.com,2,1,119342,2003-02-13
ehrinpractice.com,2,1,,2015-04-03
praxisemr.com,2,1,,2001-02-23
getfreed.ai,2,1,51036,2023-02-03
rapidclaims.ai,2,1,,2024-02-18
mybrightwheel.com,2,1,31153,2015-06-21
tryplayground.com,2,1,196416,2021-03-29
kidsday.com,2,1,,2001-06-25
classroom.so,2,1,,2020-06-26
doximity.com,2,1,15788,2001-04-28
sermo.com,2,1,113367,2001-02-02
remedora.com,2,1,,2026-05-09
tactionsoft.com,2,1,,2011-01-29
curogram.com,2,1,201490,2018-02-03
momentarylab.com,2,1,,2025-07-12
getpracticehelp.com,2,1,,2024-08-27
curebase.ai,2,1,,2025-07-11
arkenea.com,2,1,,2011-02-27
folio3.com,2,1,183090,2005-10-27
ohmd.com,2,1,669507,2004-04-12
commure.com,2,1,197408,2008-06-05
actuvi.com,2,1,,2024-03-27
pickmysoft.com,2,1,,2011-02-07
televox.com,2,1,,2000-01-06
northwestcareercollege.edu,2,1,565499,2012-03-05
clinicmind.com,2,1,,2013-05-29
aptarro.com,2,1,,2024-08-13
medcaremso.com,2,1,,2012-11-02
getnudgeai.com,2,1,,2023-07-23
datascanpharmacy.com,2,1,,2007-08-04
intuitionlabs.ai,2,1,200848,2023-11-03
medsoftwares.com,2,1,,2019-07-06
gc.ai,2,1,347304,2017-09-14
legesgpt.com,2,1,,2025-07-13
pagecrawl.io,2,1,,2019-07-19
darrow.ai,2,1,,2021-04-23
klasresearch.com,2,1,227910,2008-01-17
knowi.com,2,1,726165,2012-04-17
arcadia.io,2,1,614305,2016-04-30
medigy.com,2,1,,
helpware.com,2,1,245538,1996-11-05
caliberfocus.com,2,1,,2020-10-06
ligolab.com,2,1,,2009-07-19
qbench.com,2,1,,2023-01-20
labos.co,2,1,,2021-09-13
scicord.com,2,1,,2017-09-09
freelims.org,2,1,,2017-04-24
labworks.com,2,1,,1996-11-09
thirdwaveanalytics.com,2,1,,2015-05-17
zageno.com,2,1,,2015-10-16
lawyerist.com,2,1,410728,2008-08-22
mycase.com,2,1,28096,
consultwebs.com,2,1,,1999-10-13
pagelightprime.com,2,1,,2018-03-23
goheather.io,2,1,,2022-12-05
legalfly.com,2,1,,2011-02-02
definely.com,2,1,874771,2011-09-19
justee.ai,2,1,,2025-02-27
thelawgpt.com,2,1,,2024-09-20
wordsmith.ai,2,1,331667,2021-04-13
relativity.com,2,1,173428,1998-01-23
veniosystems.com,2,1,,2009-02-03
lawnext.com,2,1,225281,2001-07-21
krowdbase.com,2,1,,2026-01-19
wiseagent.com,2,1,336431,2001-05-19
myoutdesk.com,2,1,,2010-01-22
parseur.com,2,1,350793,2017-02-11
amerisave.com,2,1,192166,1999-10-01
appfolio.com,2,1,6585,2007-02-28
mrisoftware.com,2,1,38108,2001-07-20
bidhom.com,2,1,,2012-07-09
bestutahrealestate.com,2,1,,2013-12-09
rentmanager.com,2,1,75500,1996-12-27
lula.life,2,1,,2018-08-22
re-leased.com,2,1,347708,2009-04-17
clearleaddigital.com,2,1,,2025-09-01
fieldwire.com,2,1,36313,2001-12-02
ingenious.build,2,1,,2021-12-07
tamu.edu,2,1,2848,1997-06-18
kahua.com,2,1,260883,2001-09-07
permitflow.com,2,1,547168,2017-09-01
redteam.com,2,1,195943,1998-12-12
jobtread.com,2,1,48599,2010-02-01
relayfi.com,2,1,56334,2019-11-17
nomitech.com,2,1,,2004-01-23
projul.com,2,1,633844,2019-09-16
constructioncoverage.com,2,1,402650,2013-08-27
nedesestimating.com,2,1,,2022-02-10
getclue.com,2,1,,2003-07-20
monkeypod.com,2,1,,1998-11-11
charityengine.net,2,1,230230,2013-07-18
galaxydigital.com,2,1,53319,2003-07-22
givecentral.org,2,1,649807,2009-12-09
financesonline.com,2,1,18615,2003-03-19
optimy.com,2,1,,2007-12-28
trytemelio.com,2,1,733654,2023-03-24
hellodarwin.com,2,1,996233,2002-03-25
instrumentl.com,2,1,61881,2014-12-22
benevity.com,2,1,228766,2009-10-11
theleadpastor.com,2,1,,2021-02-22
momentivesoftware.com,2,1,324619,2024-09-23
fundraiseup.com,2,1,28112,2018-07-05
engagingnetworks.net,2,1,720297,2011-03-13
bonterratech.com,2,1,95438,2018-08-05
monograph.com,2,1,480061,2002-01-18
milientsoftware.com,2,1,,2023-03-20
betterimpact.com,2,1,32011,2002-05-24
volunteerhub.com,2,1,142431,2001-02-06
crs.studio,2,1,,2025-06-18
rediker.com,2,1,478757,1996-11-16
gradelink.com,2,1,236442,2001-11-28
proctor360.com,2,1,,2011-01-28
eklavvya.com,2,1,494089,2012-02-05
talview.com,2,1,245126,2014-03-02
screenapp.io,2,1,112111,2020-02-18
moderncampus.com,2,1,278463,2009-04-16
fullfabric.com,2,1,,2012-01-10
chatbotgen.com,2,1,,2023-06-28
scribbr.com,2,1,25823,2008-09-21
reedsy.com,2,1,19486,2014-07-31
researcher.life,2,1,32018,2020-06-22
bestwriting.com,2,1,,2004-08-26
teachingchannel.com,2,1,260759,2001-07-23
the74million.org,2,1,59264,2015-07-17
nwea.org,2,1,50710,1998-12-05
foroes.net,2,1,,2010-06-13
doubleknot.com,2,1,278922,1998-12-05
softwareworld.co,2,1,149352,2018-08-09
zettalab.ai,2,1,,2025-02-28
archondatastore.com,2,1,,2023-05-29
dokmee.com,2,1,,2007-11-27
thesify.ai,2,1,,2024-04-20
textero.io,2,1,688558,2024-06-04
lattics.com,2,1,,2024-05-24
advanced-writer.com,2,1,,2015-12-05
lumivero.com,2,1,149575,2022-10-04
impactfactorforjournal.com,2,1,,2020-08-17
usercall.co,2,1,,2024-04-15
ac.uk,2,1,,2013-07-17
atlasworkspace.ai,2,1,,2025-07-12
findanomaly.ai,2,1,,2025-11-17
technologyradius.com,2,1,,2026-01-09
datasciencenotebook.org,2,1,,2021-04-13
kanaries.net,2,1,,2010-07-08
plotstudio.ai,2,1,,
upgrad.com,2,1,47018,1998-12-12
cloudnotebook.dev,2,1,,2023-09-30
nplus.global,2,1,,2025-12-15
moontechnolabs.com,2,1,668594,2009-10-07
impexinfotech.com,2,1,,2003-04-23
databricks.com,2,1,2887,2001-12-02
hopsworks.ai,2,1,876616,2020-05-25
tacnode.io,2,1,66466,2025-02-04
qwak.com,2,1,,2001-04-04
xebia.com,2,1,160368,2001-12-12
featurestorecomparison.com,2,1,,2021-06-01
reintech.io,2,1,627496,2019-08-23
labellerr.com,2,1,,2019-08-10
superannotate.com,2,1,118545,2020-08-09
roboflow.com,2,1,25771,2013-10-14
kili-technology.com,2,1,971026,2019-08-22
tasq.ai,2,1,,2020-08-05
encord.com,2,1,112781,2002-03-11
arize.com,2,1,145882,1999-10-09
getmaxim.ai,2,1,389879,2024-01-18
promptlayer.com,2,1,367027,2023-01-04
spaceprompts.com,2,1,,2025-10-29
futureagi.com,2,1,990040,2021-12-05
tredence.com,2,1,370966,2013-06-09
ayautomate.com,2,1,,2024-11-17
tonic.ai,2,1,738108,2019-04-25
k2view.com,2,1,328057,2011-02-07
datafloq.com,2,1,208704,2014-08-20
tamoco.com,2,1,,2013-01-23
synthforge.io,2,1,,2026-01-09
deepeval.com,2,1,,2018-08-06
techhq.com,2,1,163677,2000-01-16
inference.net,2,1,573595,1998-12-07
codespaceacademy.com,2,1,,2018-08-26
crazyrouter.com,2,1,,2026-01-08
q2bstudio.com,2,1,645495,2013-07-10
cometapi.com,2,1,316727,2019-11-26
creatio.com,1,1,44027,2001-02-02
niotechone.com,1,1,,2024-08-20
pipedrive.com,1,1,10157,2010-09-28
dragapp.com,1,1,507102,2013-07-01
contracts365.com,1,1,,1999-10-05
connectpay.com,1,1,,2013-05-20
thrivecart.com,1,1,23058,2012-05-18
luqra.com,1,1,,2022-06-18
inflowpay.com,1,1,,2018-08-05
valorpaytech.com,1,1,166198,2020-10-27
spacelama.com,1,1,,2009-09-04
sdk.finance,1,1,737403,2015-09-02
decube.io,1,1,,2022-09-08
configcat.com,1,1,11354,2018-08-22
directus.com,1,1,251995,1999-11-28
twilio.com,1,1,1777,2008-06-05
coremedia.com,1,1,479325,1998-07-09
cleardigital.com,1,1,,1998-01-09
dotcms.com,1,1,439660,2009-01-22
perfectwikiforteams.com,1,1,,2021-05-25
metaview.ai,1,1,249109,2019-08-20
contabo.com,1,1,35261,2012-12-31
rize.io,1,1,152331,2016-01-09
toggl.com,1,1,14163,2006-08-20
taskade.com,1,1,42314,2011-02-03
document360.com,1,1,147491,2016-10-04
uk2.net,1,1,17762,1999-10-12
backyardsilver.com,1,1,,2009-10-15
roundproxies.com,1,1,944068,2022-10-22
proxywing.com,1,1,312697,2007-02-19
board-room.org,1,1,,2019-04-18
zeck.app,1,1,590125,2022-01-22
codeless.co,1,1,248221,2016-02-15
brafton.com,1,1,96889,2008-01-15
averi.ai,1,1,730225,2021-12-17
sintra.ai,1,1,150922,2023-06-28
agencymate.com,1,1,,2021-06-16
vantagepoint.io,1,1,,2019-07-24
digitalagencynetwork.com,1,1,150402,2014-06-13
sigmamind.ai,1,1,,2023-12-09
proprofsdesk.com,1,1,916253,2020-09-09
voiso.com,1,1,297226,2001-03-02
dapta.ai,1,1,435663,2023-12-03
whaticket.com,1,1,306469,2022-04-23
bitrix24.es,1,1,135624,2014-11-17
helpspot.com,1,1,420860,1999-01-25
stonly.com,1,1,27813,2013-12-27
chatbase.co,1,1,26513,2018-08-09
freshworks.com,1,1,4903,2003-03-26
twig.so,1,1,,2022-06-25
automationanywhere.com,1,1,47558,2001-02-23
embrace.ai,1,1,911124,2017-06-12
kustomer.com,1,1,260300,2003-09-23
fin.ai,1,1,122210,2012-12-28
ezo.io,1,1,734303,2023-01-24
zenarmor.com,1,1,115278,2013-01-04
thesslstore.com,1,1,130279,2004-06-04
zerossl.com,1,1,65375,2016-11-25
ssls.com,1,1,270481,1998-05-29
aijourn.com,1,1,100167,2020-03-26
my-ssl.com,1,1,,2004-04-17
aboutssl.org,1,1,,2013-05-17
ispirer.com,1,1,,2001-03-02
stackoverflow.com,1,1,506,2004-02-03
commercepundit.com,1,1,,2009-09-01
liveramp.com,1,1,6452,2011-05-01
complyjet.com,1,1,,2021-11-30
dataladder.com,1,1,,2008-05-06
zengrc.com,1,1,579685,2015-03-31
diligent.com,1,1,82975,2001-03-09
compliancequest.com,1,1,383502,2001-04-28
workerbase.com,1,1,,2004-04-10
qualio.com,1,1,230817,2000-10-18
qualityze.com,1,1,,2015-10-29
softexpert.com,1,1,101456,1998-12-12
apple.com,1,1,9,1996-10-22
xataka.com,1,1,9526,2004-10-27
thecoreschool.com,1,1,,2021-02-26
infobae.com,1,1,1032,2005-10-22
telecinco.es,1,1,6492,1997-01-16
businessinsider.com,1,1,437,1998-12-12
switcherstudio.com,1,1,253775,2016-11-24
rincondego.com,1,1,,2002-11-02
spliiit.com,1,1,313228,2013-03-21
stateofdigitalpublishing.com,1,1,655327,2014-09-19
neolo.com,1,1,574992,2005-01-14
novicell.es,1,1,,2016-10-29
subeagenciadigital.com,1,1,,2018-03-30
playplay.com,1,1,192860,1999-10-07
vidizmo.ai,1,1,,2025-01-21
streamscharts.com,1,1,54697,2020-10-29
muvi.com,1,1,239242,2001-02-01
engadget.com,1,1,2194,2004-03-25
uscreen.tv,1,1,116786,2010-08-27
scribbble.app,1,1,,2025-09-04
stackexchange.com,1,1,1408,2003-03-27
screensnap.pro,1,1,,2025-08-22
automationedge.com,1,1,663023,2004-03-22
trakkr.ai,1,1,206940,2025-05-23
opencals.com,1,1,,2008-09-15
telnyx.com,1,1,32167,2001-05-18
bookkeepingandaccountinginc.com,1,1,,2012-04-30
cocountant.com,1,1,,2024-02-29
codementor.io,1,1,49320,2013-04-14
checkoutchamp.com,1,1,37066,2011-02-02
agicap.com,1,1,102188,2003-12-13
agentcollect.com,1,1,,2013-07-18
chargebee.com,1,1,14356,2011-07-09
uniqodo.com,1,1,155803,2015-04-04
seguno.com,1,1,97604,2017-05-03
adobe.com,1,1,69,1996-10-22
moengage.com,1,1,1934,2014-07-01
funnelfox.com,1,1,285106,2018-08-08
cart.com,1,1,220543,1997-06-06
printful.com,1,1,17601,2010-07-06
waredock.com,1,1,,2019-07-17
retailsystemsinc.com,1,1,,1998-01-24
olive.app,1,1,,2019-07-17
agms.com,1,1,,1999-10-13
zoomshift.com,1,1,358030,2011-04-18
dokan.co,1,1,374530,2018-08-27
channelengine.com,1,1,260021,2011-11-09
willowcommerce.ai,1,1,,2025-01-09
americanmetro.com,1,1,,1999-11-28
szzcs.com,1,1,498419,2011-02-03
passagehealth.com,1,1,979207,2023-02-18
myvirtualscribe.us,1,1,,2020-02-26
definitivehc.com,1,1,176685,2011-11-05
primewellmedsolutions.com,1,1,,2024-08-15
advaahealth.com,1,1,,2024-05-12
relias.com,1,1,112687,2001-09-26
asknicely.com,1,1,571145,2002-01-23
doctorconnect.net,1,1,726681,2006-02-05
promptlycheckin.com,1,1,,2020-11-18
bestrx.com,1,1,,2005-02-01
pioneerrx.com,1,1,118441,2012-02-09
jamilacademy.com,1,1,,2007-12-12
agiled.app,1,1,,2020-07-22
classter.com,1,1,309260,2004-01-18
openeducat.org,1,1,601931,2012-11-02
stealthgpt.ai,1,1,410336,2023-02-13
usevoicy.com,1,1,675599,2024-09-09
triviamaker.com,1,1,589906,2003-02-07
siselements.com,1,1,,2024-09-07
briskteaching.com,1,1,64255,2023-03-20
cultofpedagogy.com,1,1,162766,2013-06-01
net.nz,1,1,,1997-07-12
24library.com,1,1,,2018-08-06
soutron.com,1,1,,1998-02-10
preservica.com,1,1,78601,2013-01-13
loc.gov,1,1,616,1997-06-16
plagiarismsearch.com,1,1,,2009-08-30
berkeley.edu,1,1,584,1996-10-30
thesis-edit.com,1,1,,2017-10-12
zerve.ai,1,1,,2022-09-07
splunk.com,1,1,5757,2002-01-22
nyu.edu,1,1,2269,1996-12-19
thecfoclub.com,1,1,543166,2023-05-03
uchicago.edu,1,1,1875,1997-02-19
researchmethod.net,1,1,,2022-07-06
